{"branches": 2.571428571428571, "coverage": 31.061192873741284}