{"branches": 52.63157894736842, "coverage": 79.4092093831451}